Leader,iAdoptCivicRefuseAttitudeThreshold,iAggregatedContactAskForHelpProb,iAggregatedContactCivicPressureProb,iAggregatedContactDefensivePactProb,iAggregatedContactDemandTributeProb,iAggregatedContactGiveHelpProb,iAggregatedContactJoinWarProb,iAggregatedContactOpenBordersProb,iAggregatedContactPeaceTreatyProb,iAggregatedContactPermanentAllianceProb,iAggregatedContactReligionPressureProb,iAggregatedContactStopTradingProb,iAggregatedContactTradeBonusProb,iAggregatedContactTradeMapProb,iAggregatedContactTradeTechProb,iAggregatedNegativeMemoryCancelledVassalAgreementAffection,iAggregatedNegativeMemoryCancelledVassalAgreementResentment,iAggregatedNegativeMemoryDeclaredWarAffection,iAggregatedNegativeMemoryDeclaredWarOnFriendAffection,iAggregatedNegativeMemoryDeclaredWarOnFriendResentment,iAggregatedNegativeMemoryDeclaredWarRecentAffection,iAggregatedNegativeMemoryDeclaredWarRecentResentment,iAggregatedNegativeMemoryDeclaredWarResentment,iAggregatedNegativeMemoryDeniedCivicAffection,iAggregatedNegativeMemoryDeniedCivicResentment,iAggregatedNegativeMemoryDeniedJoinWarAffection,iAggregatedNegativeMemoryDeniedJoinWarResentment,iAggregatedNegativeMemoryDeniedReligionAffection,iAggregatedNegativeMemoryDeniedReligionResentment,iAggregatedNegativeMemoryDeniedStopTradingAffection,iAggregatedNegativeMemoryDeniedStopTradingResentment,iAggregatedNegativeMemoryEventBadToUsAffection,iAggregatedNegativeMemoryEventBadToUsResentment,iAggregatedNegativeMemoryHiredTradeEmbargoAffection,iAggregatedNegativeMemoryHiredTradeEmbargoResentment,iAggregatedNegativeMemoryHiredWarAllyAffection,iAggregatedNegativeMemoryHiredWarAllyResentment,iAggregatedNegativeMemoryMadeDemandAffection,iAggregatedNegativeMemoryMadeDemandResentment,iAggregatedNegativeMemoryNukedFriendAffection,iAggregatedNegativeMemoryNukedFriendResentment,iAggregatedNegativeMemoryNukedUsAffection,iAggregatedNegativeMemoryNukedUsResentment,iAggregatedNegativeMemoryRazedCityAffection,iAggregatedNegativeMemoryRazedCityResentment,iAggregatedNegativeMemoryRazedHolyCityAffection,iAggregatedNegativeMemoryRazedHolyCityResentment,iAggregatedNegativeMemoryRefusedHelpAffection,iAggregatedNegativeMemoryRefusedHelpResentment,iAggregatedNegativeMemoryRejectedDemandAffection,iAggregatedNegativeMemoryRejectedDemandResentment,iAggregatedNegativeMemorySpyCaughtAffection,iAggregatedNegativeMemorySpyCaughtResentment,iAggregatedNegativeMemoryStoppedTradingAffection,iAggregatedNegativeMemoryStoppedTradingResentment,iAggregatedNegativeMemoryVotedAgainstUsAffection,iAggregatedNegativeMemoryVotedAgainstUsResentment,iAggregatedPositiveMemoryAcceptDemandAffection,iAggregatedPositiveMemoryAcceptDemandResentment,iAggregatedPositiveMemoryAcceptedCivicAffection,iAggregatedPositiveMemoryAcceptedCivicResentment,iAggregatedPositiveMemoryAcceptedJoinWarAffection,iAggregatedPositiveMemoryAcceptedJoinWarResentment,iAggregatedPositiveMemoryAcceptedReligionAffection,iAggregatedPositiveMemoryAcceptedReligionResentment,iAggregatedPositiveMemoryAcceptedStopTradingAffection,iAggregatedPositiveMemoryAcceptedStopTradingResentment,iAggregatedPositiveMemoryEventGoodToUsAffection,iAggregatedPositiveMemoryEventGoodToUsResentment,iAggregatedPositiveMemoryGiveHelpAffection,iAggregatedPositiveMemoryGiveHelpResentment,iAggregatedPositiveMemoryIndependenceAffection,iAggregatedPositiveMemoryIndependenceResentment,iAggregatedPositiveMemoryLiberatedCitiesAffection,iAggregatedPositiveMemoryLiberatedCitiesResentment,iAggregatedPositiveMemoryTradedTechToUsAffection,iAggregatedPositiveMemoryTradedTechToUsResentment,iAggregatedPositiveMemoryVotedForUsAffection,iAggregatedPositiveMemoryVotedForUsResentment,iAtPeaceAttitudeChangeLimit,iAtPeaceAttitudeDivisor,iAtWarAttitudeChangeLimit,iAtWarAttitudeDivisor,iAttackOddsChangeRand,iBaseAttackOddsChange,iBaseAttitude,iBasePeaceWeight,iBetterRankDifferenceAttitudeChange,iBonusTradeAttitudeChangeLimit,iBonusTradeAttitudeDivisor,iBuildUnitProb,iCityRefuseAttitudeThreshold,iCloseBordersAttitudeChange,iConquestVictoryWeight,iContactAskForHelpDelayRaw,iContactAskForHelpRandRaw,iContactCivicPressureDelayRaw,iContactCivicPressureRandRaw,iContactDefensivePactDelayRaw,iContactDefensivePactRandRaw,iContactDemandTributeDelayRaw,iContactDemandTributeRandRaw,iContactGiveHelpDelayRaw,iContactGiveHelpRandRaw,iContactJoinWarDelayRaw,iContactJoinWarRandRaw,iContactOpenBordersDelayRaw,iContactOpenBordersRandRaw,iContactPeaceTreatyDelayRaw,iContactPeaceTreatyRandRaw,iContactPermanentAllianceDelayRaw,iContactPermanentAllianceRandRaw,iContactReligionPressureDelayRaw,iContactReligionPressureRandRaw,iContactStopTradingDelayRaw,iContactStopTradingRandRaw,iContactTradeBonusDelayRaw,iContactTradeBonusRandRaw,iContactTradeMapDelayRaw,iContactTradeMapRandRaw,iContactTradeTechDelayRaw,iContactTradeTechRandRaw,iConvertReligionRefuseAttitudeThreshold,iCultureVictoryWeight,iDeclareWarRefuseAttitudeThreshold,iDeclareWarThemRefuseAttitudeThreshold,iDeclareWarTradeRand,iDefensivePactAttitudeChangeLimit,iDefensivePactAttitudeDivisor,iDefensivePactRefuseAttitudeThreshold,iDemandRebukedSneakProb,iDemandRebukedWarProb,iDemandTributeAttitudeThreshold,iDifferentReligionAttitudeChange,iDifferentReligionAttitudeChangeLimit,iDifferentReligionAttitudeDivisor,iDiplomacyVictoryWeight,iDogpileWarRand,iDominationVictoryWeight,iEspionageWeight,iFavoriteCivicAttitudeChange,iFavoriteCivicAttitudeChangeLimit,iFavoriteCivicAttitudeDivisor,iFlavorCulture,iFlavorEspionage,iFlavorGold,iFlavorGrowth,iFlavorMilitary,iFlavorProduction,iFlavorReligion,iFlavorScience,iFreedomAppreciation,iHappinessBonusRefuseAttitudeThreshold,iHealthBonusRefuseAttitudeThreshold,iLimitedWarPowerRatio,iLimitedWarRand,iLostWarAttitudeChange,iLoveOfPeace,iMakePeaceRand,iMapRefuseAttitudeThreshold,iMaxGoldPerTurnTradePercent,iMaxGoldTradePercent,iMaxWarDistantPowerRatio,iMaxWarMinAdjacentLandPercent,iMaxWarNearbyPowerRatio,iMaxWarRand,iNativeCityRefuseAttitudeThreshold,iNegativeMemoryAttitudeCancelledVassalAgreementRaw,iNegativeMemoryAttitudeDeclaredWarOnFriendRaw,iNegativeMemoryAttitudeDeclaredWarRaw,iNegativeMemoryAttitudeDeclaredWarRecentRaw,iNegativeMemoryAttitudeDeniedCivicRaw,iNegativeMemoryAttitudeDeniedJoinWarRaw,iNegativeMemoryAttitudeDeniedReligionRaw,iNegativeMemoryAttitudeDeniedStopTradingRaw,iNegativeMemoryAttitudeEventBadToUsRaw,iNegativeMemoryAttitudeHiredTradeEmbargoRaw,iNegativeMemoryAttitudeHiredWarAllyRaw,iNegativeMemoryAttitudeMadeDemandRaw,iNegativeMemoryAttitudeNukedFriendRaw,iNegativeMemoryAttitudeNukedUsRaw,iNegativeMemoryAttitudeRazedCityRaw,iNegativeMemoryAttitudeRazedHolyCityRaw,iNegativeMemoryAttitudeRefusedHelpRaw,iNegativeMemoryAttitudeRejectedDemandRaw,iNegativeMemoryAttitudeSpyCaughtRaw,iNegativeMemoryAttitudeStoppedTradingRaw,iNegativeMemoryAttitudeVotedAgainstUsRaw,iNegativeMemoryDecayCancelledVassalAgreementRaw,iNegativeMemoryDecayDeclaredWarOnFriendRaw,iNegativeMemoryDecayDeclaredWarRaw,iNegativeMemoryDecayDeclaredWarRecentRaw,iNegativeMemoryDecayDeniedCivicRaw,iNegativeMemoryDecayDeniedJoinWarRaw,iNegativeMemoryDecayDeniedReligionRaw,iNegativeMemoryDecayDeniedStopTradingRaw,iNegativeMemoryDecayEventBadToUsRaw,iNegativeMemoryDecayHiredTradeEmbargoRaw,iNegativeMemoryDecayHiredWarAllyRaw,iNegativeMemoryDecayMadeDemandRaw,iNegativeMemoryDecayNukedFriendRaw,iNegativeMemoryDecayNukedUsRaw,iNegativeMemoryDecayRazedCityRaw,iNegativeMemoryDecayRazedHolyCityRaw,iNegativeMemoryDecayRefusedHelpRaw,iNegativeMemoryDecayRejectedDemandRaw,iNegativeMemoryDecaySpyCaughtRaw,iNegativeMemoryDecayStoppedTradingRaw,iNegativeMemoryDecayVotedAgainstUsRaw,iNoGiveHelpAttitudeThreshold,iNoTechTradeThreshold,iNoWarAttitudeProbAnnoyed,iNoWarAttitudeProbCautious,iNoWarAttitudeProbFriendly,iNoWarAttitudeProbFurious,iNoWarAttitudeProbPleased,iOpenBordersAttitudeChangeLimit,iOpenBordersAttitudeDivisor,iOpenBordersRefuseAttitudeThreshold,iPeaceWeightRand,iPermanentAllianceRefuseAttitudeThreshold,iPositiveMemoryAttitudeAcceptDemandRaw,iPositiveMemoryAttitudeAcceptedCivicRaw,iPositiveMemoryAttitudeAcceptedJoinWarRaw,iPositiveMemoryAttitudeAcceptedReligionRaw,iPositiveMemoryAttitudeAcceptedStopTradingRaw,iPositiveMemoryAttitudeEventGoodToUsRaw,iPositiveMemoryAttitudeGiveHelpRaw,iPositiveMemoryAttitudeIndependenceRaw,iPositiveMemoryAttitudeLiberatedCitiesRaw,iPositiveMemoryAttitudeTradedTechToUsRaw,iPositiveMemoryAttitudeVotedForUsRaw,iPositiveMemoryDecayAcceptDemandRaw,iPositiveMemoryDecayAcceptedCivicRaw,iPositiveMemoryDecayAcceptedJoinWarRaw,iPositiveMemoryDecayAcceptedReligionRaw,iPositiveMemoryDecayAcceptedStopTradingRaw,iPositiveMemoryDecayEventGoodToUsRaw,iPositiveMemoryDecayGiveHelpRaw,iPositiveMemoryDecayIndependenceRaw,iPositiveMemoryDecayLiberatedCitiesRaw,iPositiveMemoryDecayTradedTechToUsRaw,iPositiveMemoryDecayVotedForUsRaw,iRazeCityProb,iRefuseToTalkWarThreshold,iSameReligionAttitudeChange,iSameReligionAttitudeChangeLimit,iSameReligionAttitudeDivisor,iShareWarAttitudeChange,iShareWarAttitudeChangeLimit,iShareWarAttitudeDivisor,iSpaceVictoryWeight,iStopTradingRefuseAttitudeThreshold,iStopTradingThemRefuseAttitudeThreshold,iStrategicBonusRefuseAttitudeThreshold,iTechRefuseAttitudeThreshold,iTechTradeKnownPercent,iVassalPowerModifier,iVassalRefuseAttitudeThreshold,iWarmongerRespect,iWonderConstructRand,iWorseRankDifferenceAttitudeChange,FavoriteCivic,FavoriteReligion,ImprovementWeightModifiers,Traits,UnitAIWeightModifiers
ALEXANDER,1,77,55,50,89,78,0,50,39,50,79,50,73,50,79,50,50,50,50,0,50,50,50,50,50,50,50,50,50,50,50,50,50,50,50,50,50,50,0,50,0,50,50,50,50,50,50,50,50,50,50,50,0,50,100,50,100,50,50,50,50,50,50,50,50,50,50,50,50,50,50,50,50,50,50,33,50,50,50,1,60,5,-5,8,4,0,0,0,2,50,35,0,-4,35,50,250,50,1000,20,80,50,250,50,500,20,20,40,10,15,20,20,80,50,250,20,50,20,5,50,20,30,5,0,25,-1,1,40,2,12,1,40,25,0,-1,-1,-15,0,50,65,100,1,2,10,0,0,0,2,5,0,0,0,10,-1,-1,130,40,-1,0,40,1,10,5,70,0,90,50,1,0,-100,-300,0,-100,-100,-100,-100,-100,-100,-200,-100,-100,-200,-250,-200,-100,-100,-100,-100,-200,10,120,150,11,50,100,50,50,50,60,75,30,80,120,75,150,100,90,40,60,10,0,5,0,20,80,0,80,2,25,-1,3,1,100,100,100,100,50,100,100,100,150,10,200,30,100,100,100,50,50,150,30,150,25,10,0,8,1,4,10,1,4,8,25,0,0,0,-1,30,20,1,2,20,-2,VASSALAGE,PAGANISM,MINE: 30,"PHILOSOPHICAL, AGGRESSIVE","SETTLE: 25, COLLATERAL: 25"
ASOKA,0,92,79,50,54,96,0,50,84,50,95,50,93,50,95,50,50,50,50,0,50,50,50,50,50,50,50,50,50,50,50,50,50,50,50,50,50,50,0,50,0,50,50,50,50,50,50,50,50,50,50,50,0,50,100,50,100,50,50,50,50,50,50,50,50,50,50,50,50,50,50,50,50,50,50,0,50,50,50,1,60,5,-5,8,0,1,8,3,2,50,20,-1,-2,25,50,100,50,500,20,80,50,1000,50,100,20,20,40,10,10,12,20,80,50,100,20,50,20,2,50,20,30,2,0,15,0,0,40,2,12,1,0,20,0,-1,0,-15,20,50,30,90,1,3,10,0,0,0,0,0,0,5,2,10,-2,-2,110,120,-1,0,10,-1,10,10,60,0,90,200,1,0,-100,-300,0,-100,-100,-100,-100,-100,-100,-200,-100,-100,-200,-250,-200,-100,-100,-100,-100,-200,10,120,150,11,50,100,50,50,50,60,75,30,80,120,75,150,100,90,40,60,10,0,10,20,70,100,0,100,2,25,-2,3,1,100,100,100,100,50,100,100,100,150,5,200,30,100,100,100,50,50,150,30,150,25,10,0,6,1,6,10,1,2,8,60,1,-1,-1,-1,20,0,0,0,40,0,FREE_RELIGION,BUDDHISM,"TOWN: 20, FOREST_PRESERVE: 20","SPIRITUAL, ORGANIZED","PILLAGE: 25, CITY_DEFENSE: 25"
AUGUSTUS,0,77,91,50,54,96,0,50,50,50,79,50,73,50,79,50,50,50,50,0,50,50,50,50,50,50,50,50,50,50,50,50,50,50,50,50,50,50,0,50,0,50,50,50,50,50,50,50,50,50,50,50,0,50,100,50,100,50,50,50,50,50,50,50,50,50,50,50,50,50,50,50,50,50,50,33,50,50,50,1,60,5,-5,8,0,0,8,1,2,50,25,0,-4,20,50,250,50,250,20,80,50,1000,50,100,20,20,40,10,15,15,20,80,50,250,20,50,20,5,50,20,30,5,0,55,1,0,40,2,12,1,60,25,0,-1,0,-15,5,100,50,100,1,3,10,0,0,0,0,2,5,0,0,10,-2,-2,100,100,-1,0,40,-1,10,10,50,1,100,200,1,0,-100,-300,0,-100,-100,-100,-100,-100,-100,-200,-100,-100,-200,-250,-200,-100,-100,-100,-100,-200,10,120,150,11,50,100,50,50,50,60,75,30,80,120,75,150,100,90,40,60,10,0,15,20,70,100,0,100,2,25,-2,3,1,100,100,100,100,50,100,100,100,150,10,200,30,100,100,100,50,50,150,30,150,25,10,0,8,1,3,10,1,3,8,20,0,-1,-1,-1,40,20,1,1,40,-1,REPRESENTATION,PAGANISM,"TOWN: 20, MINE: 20","IMPERIALIST, INDUSTRIOUS","ATTACK_CITY: 25, EXPLORE: 25"
BARBARIAN,-3,-999,-999,-999,-999,-999,-999,-999,-999,-999,-999,-999,-999,-999,-999,-999,-999,-999,-999,-999,-999,-999,-999,-999,-999,-999,-999,-999,-999,-999,-999,-999,-999,-999,-999,-999,-999,-999,-999,-999,-999,-999,-999,-999,-999,-999,-999,-999,-999,-999,-999,-999,-999,-999,-999,-999,-999,-999,-999,-999,-999,-999,-999,-999,-999,-999,-999,-999,-999,-999,-999,-999,-999,-999,-999,-999,-999,-999,-999,0,0,0,0,16,1,0,0,0,0,0,70,-3,-2,70,50,-1,50,-1,20,80,50,-1,50,-1,20,-1,40,10,-1,-1,20,80,50,-1,20,-1,20,-1,50,20,30,-1,-3,0,-3,-3,0,0,0,-3,0,0,-3,0,0,0,0,0,30,0,0,0,0,0,0,0,0,10,0,0,0,0,-3,-3,0,0,0,0,0,-3,0,0,0,0,0,0,-3,0,-100,-300,0,-100,-100,-100,-100,-100,-100,-200,-100,-100,-200,-250,-200,-100,-100,-100,-100,-200,10,120,150,11,50,100,50,50,50,60,75,30,80,120,75,150,100,90,40,60,10,-3,0,0,0,100,0,0,0,0,-3,0,-3,100,100,100,100,50,100,100,100,150,-1,200,30,100,100,100,50,50,150,30,150,25,10,75,0,0,0,0,0,0,0,0,-3,-3,-3,-3,0,0,-3,0,0,-2,NONE,NONE,,,"RESERVE: 75, ATTACK_CITY: 75, WORKER: 75"
BISMARCK,0,92,55,50,89,78,0,50,78,50,53,50,53,50,53,50,50,50,50,0,50,50,50,50,50,50,50,50,50,50,50,50,50,50,50,50,50,50,0,50,0,50,50,50,50,50,50,50,50,50,50,50,0,50,100,50,100,50,50,50,50,50,50,50,50,50,50,50,50,50,50,50,50,50,50,0,50,50,50,1,60,5,-5,8,0,1,6,0,2,50,30,-1,-4,25,50,100,50,1000,20,80,50,250,50,500,20,20,40,10,10,15,20,80,50,500,20,50,20,8,50,20,30,10,0,20,0,1,40,2,12,0,20,25,0,-1,0,-15,40,100,30,120,1,2,10,0,0,0,0,10,0,0,0,10,-1,-2,90,120,-1,0,20,0,10,5,50,2,100,200,2,0,-100,-300,0,-100,-100,-100,-100,-100,-100,-200,-100,-100,-200,-250,-200,-100,-100,-100,-100,-200,10,120,150,11,50,100,50,50,50,60,75,30,80,120,75,150,100,90,40,60,10,0,5,10,50,90,0,90,2,25,-1,3,1,100,100,100,100,50,100,100,100,150,5,200,30,100,100,100,50,50,150,30,150,25,10,0,8,1,3,10,1,3,8,25,0,-1,0,-1,70,0,1,1,30,-1,NATIONHOOD,CHRISTIANITY,"WORKSHOP: 20, LUMBERMILL: 20","EXPANSIVE, INDUSTRIOUS","ATTACK: 25, WORKER: 25"
BOUDICA,0,92,98,50,54,99,0,50,39,50,53,50,73,50,79,50,50,50,50,0,50,50,50,50,50,50,50,50,50,50,50,50,50,50,50,50,50,50,0,50,0,50,50,50,50,50,50,50,50,50,50,50,0,50,100,50,100,50,50,50,50,50,50,50,50,50,50,50,50,50,50,50,50,50,50,67,50,50,50,1,60,5,-5,8,4,0,2,0,2,50,30,-1,-3,55,50,100,50,100,20,80,50,1000,50,50,20,20,40,10,15,20,20,80,50,500,20,50,20,5,50,20,30,5,0,30,1,0,40,2,12,0,30,40,0,-1,-1,-15,25,50,35,70,1,4,10,0,0,0,2,5,0,0,0,10,-1,-2,100,80,-1,0,30,-1,10,10,80,0,110,50,2,0,-100,-300,0,-100,-100,-100,-100,-100,-100,-200,-100,-100,-200,-250,-200,-100,-100,-100,-100,-200,10,120,150,11,50,100,50,50,50,60,75,30,80,120,75,150,100,90,40,60,10,0,10,0,40,100,0,100,2,25,-1,3,1,100,100,100,100,50,100,100,100,150,15,200,30,100,100,100,50,50,150,30,150,25,10,20,10,1,3,10,1,5,8,5,1,0,0,-1,30,10,1,1,10,-1,UNIVERSAL_SUFFRAGE,PAGANISM,"MINE: 20, FOREST_PRESERVE: 20","CHARISMATIC, AGGRESSIVE",PILLAGE: 50
BRENNUS,0,77,91,50,100,96,0,50,68,50,79,50,73,50,79,50,50,50,50,0,50,50,50,50,50,50,50,50,50,50,50,50,50,50,50,50,50,50,0,50,0,50,50,50,50,50,50,50,50,50,50,50,0,50,100,50,100,50,50,50,50,50,50,50,50,50,50,50,50,50,50,50,50,50,50,33,50,50,50,1,60,5,-5,8,4,-1,0,0,2,50,30,-1,-2,30,50,250,50,250,20,80,50,25,50,100,20,20,40,10,10,20,20,80,50,250,20,50,20,5,50,20,30,5,1,0,-1,0,40,2,12,1,60,40,0,-1,-2,-15,30,25,50,110,1,3,10,0,0,0,0,5,0,2,0,10,-1,-2,100,60,-1,0,80,0,10,5,50,0,100,100,-1,0,-100,-300,0,-100,-100,-100,-100,-100,-100,-200,-100,-100,-200,-250,-200,-100,-100,-100,-100,-200,10,120,150,11,50,100,50,50,50,60,75,30,80,120,75,150,100,90,40,60,10,0,5,20,50,100,0,100,2,25,-1,3,1,100,100,100,100,50,100,100,100,150,10,200,30,100,100,100,50,50,150,30,150,25,10,50,10,1,5,10,1,4,8,30,-1,0,0,-1,40,0,1,2,10,-2,ORGANIZED_RELIGION,NONE,MINE: 30,"SPIRITUAL, CHARISMATIC",ATTACK: 50
CATHERINE,-1,100,79,50,66,78,100,50,78,50,79,50,93,50,95,50,50,50,50,0,50,50,50,50,100,50,100,50,100,50,100,50,50,50,50,50,50,50,100,50,0,50,50,50,50,50,50,50,100,50,100,50,100,50,100,50,100,50,50,50,50,50,50,50,50,50,50,50,50,50,50,50,50,50,50,67,50,50,50,1,60,5,-5,8,2,1,2,0,2,50,25,1,-4,25,50,25,50,500,20,80,50,750,50,500,20,10,40,10,10,15,20,80,50,250,20,50,20,2,50,20,30,2,0,30,1,2,40,2,12,0,80,0,0,-1,-2,-15,10,25,40,130,1,3,10,5,0,0,0,2,0,0,0,10,-1,-2,110,80,-1,0,10,1,10,5,40,1,90,100,2,0,-100,-300,0,-200,-200,-200,-200,-100,-100,-200,-200,-100,-200,-250,-200,-200,-200,-200,-100,-200,10,120,150,11,50,100,50,50,50,60,75,30,80,120,75,150,100,90,40,60,10,0,15,0,20,80,0,80,2,25,-2,3,1,100,100,100,100,50,100,100,100,150,15,200,30,100,100,100,50,50,150,30,150,25,10,0,6,1,4,10,1,2,8,45,-1,-1,0,-3,20,-20,-1,2,30,-2,HEREDITARY_RULE,CHRISTIANITY,"FARM: 20, LUMBERMILL: 20","CREATIVE, IMPERIALIST",RESERVE: 25
CHARLEMAGNE,0,77,91,50,89,96,0,50,78,50,79,50,73,50,79,50,50,50,50,0,50,50,50,50,50,50,50,50,50,50,50,50,50,50,50,50,50,50,0,50,0,50,50,50,50,50,50,50,50,50,50,50,0,50,100,50,100,50,50,50,50,50,50,50,50,50,50,50,50,50,50,50,50,50,50,33,50,50,50,1,60,5,-5,8,0,0,6,1,2,50,30,0,-3,20,50,250,50,250,20,80,50,250,50,100,20,20,40,10,10,15,20,80,50,250,20,50,20,5,50,20,30,5,1,45,0,0,40,2,12,1,60,20,0,-1,-2,-15,25,75,45,100,1,3,10,0,0,0,0,5,0,2,0,10,-2,-2,100,80,-1,0,20,0,10,10,30,2,100,100,0,0,-100,-300,0,-100,-100,-100,-100,-100,-100,-200,-100,-100,-200,-250,-200,-100,-100,-100,-100,-200,10,120,150,11,50,100,50,50,50,60,75,30,80,120,75,150,100,90,40,60,10,0,15,20,60,100,0,100,2,25,-1,3,1,100,100,100,100,50,100,100,100,150,10,200,30,100,100,100,50,50,150,30,150,25,10,0,8,1,5,10,1,2,8,15,0,-1,-1,-1,30,10,1,1,15,-1,VASSALAGE,CHRISTIANITY,"FARM: 20, WATERMILL: 20","IMPERIALIST, PROTECTIVE",ATTACK_CITY: 50
CHURCHILL,0,77,91,50,54,96,0,50,39,50,79,50,73,50,79,50,50,50,50,0,50,50,50,50,50,50,50,50,50,50,50,50,50,50,50,50,50,50,0,50,0,50,50,50,50,50,50,50,50,50,50,50,0,50,100,50,100,50,50,50,50,50,50,50,50,50,50,50,50,50,50,50,50,50,50,33,50,50,50,1,60,5,-5,8,0,0,6,0,2,50,25,1,-2,0,50,250,50,250,20,80,50,1000,50,100,20,20,40,10,15,20,20,80,50,250,20,50,20,5,50,20,30,5,0,35,0,0,40,2,12,1,40,40,0,-1,-1,-15,35,50,35,120,1,4,10,0,0,2,0,5,0,0,0,10,-2,-2,100,120,-1,0,20,0,10,10,60,3,90,200,2,0,-100,-300,0,-100,-100,-100,-100,-100,-100,-200,-100,-100,-200,-250,-200,-100,-100,-100,-100,-200,10,120,150,11,50,100,50,50,50,60,75,30,80,120,75,150,100,90,40,60,10,0,15,20,70,100,0,100,2,25,-1,3,1,100,100,100,100,50,100,100,100,150,10,200,30,100,100,100,50,50,150,30,150,25,10,0,8,1,3,10,1,4,8,45,0,-1,-1,-1,30,0,1,0,10,0,NATIONHOOD,NONE,TOWN: 30,"CHARISMATIC, PROTECTIVE","ATTACK_AIR: 25, CARRIER_AIR: 25, CARRIER_SEA: 25"
CYRUS,0,92,55,50,78,99,0,50,68,50,79,50,73,50,79,50,50,50,50,0,50,50,50,50,50,50,50,50,50,50,50,50,50,50,50,50,50,50,0,50,0,50,50,50,50,50,50,50,50,50,50,50,0,50,100,50,100,50,50,50,50,50,50,50,50,50,50,50,50,50,50,50,50,50,50,33,50,50,50,1,60,5,-5,8,2,1,3,2,2,50,30,0,-2,30,50,100,50,1000,20,80,50,500,50,50,20,20,40,10,10,20,20,80,50,250,20,50,20,5,50,20,30,5,0,65,1,-1,40,2,12,0,0,5,0,-1,0,-15,25,100,30,100,1,2,10,0,0,0,2,5,0,0,0,10,-2,-1,100,160,-1,0,20,-1,10,10,60,2,100,100,1,0,-100,-300,0,-100,-100,-100,-100,-100,-100,-200,-100,-100,-200,-250,-200,-100,-100,-100,-100,-200,10,120,150,11,50,100,50,50,50,60,75,30,80,120,75,150,100,90,40,60,10,0,10,20,70,100,0,100,2,25,-2,3,1,100,100,100,100,50,100,100,100,150,10,200,30,100,100,100,50,50,150,30,150,25,10,0,8,1,3,10,1,3,8,0,1,0,-1,-1,30,0,1,0,40,0,VASSALAGE,NONE,"TOWN: 20, FARM: 20","CHARISMATIC, IMPERIALIST",ATTACK: 50
DARIUS,0,92,55,50,78,99,0,50,78,50,79,50,73,50,79,50,50,50,50,0,50,50,50,50,50,50,50,50,50,50,50,50,50,50,50,50,50,50,0,50,0,50,50,50,50,50,50,50,50,50,50,50,0,50,100,50,100,50,50,50,50,50,50,50,50,50,50,50,50,50,50,50,50,50,50,33,50,50,50,1,60,5,-5,8,0,1,8,1,2,50,30,0,-3,25,50,100,50,1000,20,80,50,500,50,50,20,20,40,10,10,15,20,80,50,250,20,50,20,5,50,20,30,5,0,30,1,-1,40,2,12,0,0,5,0,-1,0,-15,30,100,10,100,1,2,10,0,0,5,2,0,0,0,0,10,-2,-1,100,160,-1,0,20,-1,10,10,60,1,100,200,1,0,-100,-300,0,-100,-100,-100,-100,-100,-100,-200,-100,-100,-200,-250,-200,-100,-100,-100,-100,-200,10,120,150,11,50,100,50,50,50,60,75,30,80,120,75,150,100,90,40,60,10,0,10,20,70,90,0,90,2,25,-2,3,1,100,100,100,100,50,100,100,100,150,10,200,30,100,100,100,50,50,150,30,150,25,10,0,8,1,3,10,1,3,8,55,1,0,-1,-1,30,0,1,0,40,-1,FREE_RELIGION,PAGANISM,"FARM: 20, MINE: 20","ORGANIZED, FINANCIAL",RESERVE: 50
DEFAULTS,-3,-999,-999,-999,-999,-999,-999,-999,-999,-999,-999,-999,-999,-999,-999,-999,-999,-999,-999,-999,-999,-999,-999,-999,-999,-999,-999,-999,-999,-999,-999,-999,-999,-999,-999,-999,-999,-999,-999,-999,-999,-999,-999,-999,-999,-999,-999,-999,-999,-999,-999,-999,-999,-999,-999,-999,-999,-999,-999,-999,-999,-999,-999,-999,-999,-999,-999,-999,-999,-999,-999,-999,-999,-999,-999,-999,-999,-999,-999,1,60,5,-5,8,0,0,0,0,2,50,0,0,0,30,50,-1,50,-1,20,80,50,-1,50,-1,20,-1,40,10,-1,-1,20,80,50,-1,20,-1,20,-1,50,20,30,-1,-3,30,-3,-3,40,2,12,1,0,0,0,-1,0,-15,30,0,30,0,1,0,10,,,,,,,,,10,-3,-3,0,0,-1,0,0,-3,10,0,0,0,0,0,1,0,-100,-300,0,-100,-100,-100,-100,-100,-100,-200,-100,-100,-200,-250,-200,-100,-100,-100,-100,-200,10,120,150,11,50,100,50,50,50,60,75,30,80,120,75,150,100,90,40,60,10,0,0,0,0,100,0,0,2,25,-3,3,1,100,100,100,100,50,100,100,100,150,-1,200,30,100,100,100,50,50,150,30,150,25,10,0,0,1,0,10,1,0,8,30,-3,-3,-3,-3,0,0,-3,0,0,0,NONE,NONE,,,
DE_GAULLE,0,51,98,50,54,96,0,50,58,50,53,50,73,50,79,50,50,50,50,0,50,50,50,50,50,50,50,50,50,50,50,50,50,50,50,50,50,50,0,50,0,50,50,50,50,50,50,50,50,50,50,50,0,50,100,50,100,50,50,50,50,50,50,50,50,50,50,50,50,50,50,50,50,50,50,33,50,50,50,1,60,5,-5,8,0,-1,0,2,2,50,25,-1,-2,35,50,500,50,100,20,80,50,1000,50,100,20,20,40,10,10,25,20,80,50,500,20,50,20,5,50,20,30,5,0,15,0,1,40,2,12,0,10,0,0,-1,0,-15,55,20,10,110,1,3,10,0,0,0,2,0,5,0,0,10,-1,-1,100,60,-1,0,10,-1,10,5,50,3,80,100,2,0,-100,-300,0,-100,-100,-100,-100,-100,-100,-200,-100,-100,-200,-250,-200,-100,-100,-100,-100,-200,10,120,150,11,50,100,50,50,50,60,75,30,80,120,75,150,100,90,40,60,10,0,10,20,70,100,0,100,2,25,-1,3,1,100,100,100,100,50,100,100,100,150,10,200,30,100,100,100,50,50,150,30,150,25,10,0,5,1,3,10,1,6,8,35,-1,0,-1,-1,40,-20,1,2,10,-2,NATIONHOOD,CHRISTIANITY,"TOWN: 20, WORKSHOP: 20","INDUSTRIOUS, CHARISMATIC","ICBM: 25, PARADROP: 50"
ELIZABETH,0,97,79,50,54,96,100,50,78,50,53,50,93,50,95,50,50,50,50,0,50,50,50,50,50,50,50,50,50,50,50,50,50,50,50,50,50,50,0,50,0,50,50,50,50,50,50,50,50,50,50,50,0,50,100,50,100,50,50,50,50,50,50,50,50,50,50,50,50,50,50,50,50,50,50,67,50,50,50,1,60,5,-5,8,0,1,9,1,2,50,20,0,-3,45,50,50,50,500,20,80,50,1000,50,100,20,10,40,10,10,15,20,80,50,500,20,50,20,2,50,20,30,2,-1,30,1,0,40,2,12,1,60,0,0,-1,0,-15,55,25,10,110,1,3,10,2,0,5,0,0,0,0,0,10,-1,-2,90,200,-1,0,10,2,10,5,40,4,80,300,2,0,-100,-300,0,-100,-100,-100,-100,-100,-100,-200,-100,-100,-200,-250,-200,-100,-100,-100,-100,-200,10,120,150,11,50,100,50,50,50,60,75,30,80,120,75,150,100,90,40,60,10,0,15,10,50,90,0,90,2,25,-2,3,1,100,100,100,100,50,100,100,100,150,15,200,30,100,100,100,50,50,150,30,150,25,10,0,8,1,3,10,1,2,8,10,1,-1,0,-2,40,0,1,0,20,0,FREE_RELIGION,CHRISTIANITY,"WINDMILL: 20, WATERMILL: 20","PHILOSOPHICAL, FINANCIAL","PIRATE_SEA: 25, SETTLER_SEA: 25"
FRANKLIN_ROOSEVELT,0,92,98,50,54,99,0,50,39,50,53,50,73,50,79,50,50,50,50,0,50,50,50,50,50,50,50,50,50,50,50,50,50,50,50,50,50,50,0,50,0,50,50,50,50,50,50,50,50,50,50,50,0,50,100,50,100,50,50,50,50,50,50,50,50,50,50,50,50,50,50,50,50,50,50,33,50,50,50,1,60,5,-5,8,0,1,8,2,2,50,25,1,-2,5,50,100,50,100,20,80,50,1000,50,50,20,20,40,10,15,20,20,80,50,500,20,50,20,5,50,20,30,5,0,25,0,0,40,2,12,0,0,50,0,-1,0,-15,50,25,25,120,1,4,10,0,0,2,0,0,5,0,0,10,-2,-2,100,160,-1,0,10,-1,10,10,80,2,100,300,2,0,-100,-300,0,-100,-100,-100,-100,-100,-100,-200,-100,-100,-200,-250,-200,-100,-100,-100,-100,-200,10,120,150,11,50,100,50,50,50,60,75,30,80,120,75,150,100,90,40,60,10,0,15,10,70,100,0,100,2,25,-1,3,1,100,100,100,100,50,100,100,100,150,10,200,30,100,100,100,50,50,150,30,150,25,10,0,10,1,3,10,1,3,8,45,1,0,0,-1,30,0,1,0,20,-1,MERCANTILISM,CHRISTIANITY,"TOWN: 20, FOREST_PRESERVE: 20","INDUSTRIOUS, ORGANIZED","ASSAULT_SEA: 25, CARRIER_SEA: 25, CARRIER_AIR: 25"
FREDERICK,1,77,91,50,78,89,0,50,68,50,79,50,73,50,79,50,50,50,50,0,50,50,50,50,50,50,50,50,50,50,50,50,50,50,50,50,50,50,0,50,0,50,50,50,50,50,50,50,50,50,50,50,0,50,100,50,100,50,50,50,50,50,50,50,50,50,50,50,50,50,50,50,50,50,50,67,50,50,50,1,60,5,-5,8,0,1,8,2,2,50,20,0,-2,10,50,250,50,250,20,80,50,500,50,250,20,20,40,10,10,20,20,80,50,250,20,50,20,5,50,20,30,5,0,25,0,0,40,2,12,1,0,0,0,-1,-1,-15,25,100,25,90,1,3,10,0,0,0,0,0,10,0,0,10,-2,-1,100,160,-1,0,20,0,10,10,50,2,100,200,2,0,-100,-300,0,-100,-100,-100,-100,-100,-100,-200,-100,-100,-200,-250,-200,-100,-100,-100,-100,-200,10,120,150,11,50,100,50,50,50,60,75,30,80,120,75,150,100,90,40,60,10,0,10,20,70,100,0,100,2,25,-2,3,1,100,100,100,100,50,100,100,100,150,15,200,30,100,100,100,50,50,150,30,150,25,10,0,6,1,3,10,1,3,8,65,0,0,0,-2,30,0,-1,0,20,0,UNIVERSAL_SUFFRAGE,NONE,"FARM: 20, LUMBERMILL: 20","PHILOSOPHICAL, ORGANIZED",COUNTER: 50
GANDHI,0,97,100,50,0,100,0,50,100,50,53,50,93,50,95,50,50,50,50,100,50,50,50,50,0,50,0,50,0,50,0,50,50,50,50,50,50,50,0,50,100,50,50,50,50,50,50,50,0,50,0,50,0,50,0,50,0,50,50,50,50,50,50,50,50,50,50,50,50,50,50,50,50,50,50,0,50,50,50,1,60,5,-5,8,0,2,10,1,2,50,15,1,-2,0,50,50,50,50,20,80,50,0,50,25,20,20,40,10,8,10,20,80,50,500,20,50,20,2,50,20,30,2,-1,45,1,-1,40,2,12,1,0,0,0,-1,-1,-15,70,100,5,50,1,5,10,10,0,0,0,0,0,0,0,10,-3,-3,80,200,-1,0,10,-3,10,10,60,3,100,400,2,0,-200,-300,0,0,0,0,0,-100,-100,-200,-100,-200,-200,-250,-200,0,0,-100,0,0,10,120,150,11,50,100,50,50,50,60,75,30,80,120,75,150,100,90,40,60,10,0,15,50,85,115,20,110,2,25,-3,3,1,100,100,100,100,50,100,100,100,150,5,200,30,100,100,100,50,50,150,30,150,25,10,0,6,1,4,10,1,2,8,30,1,0,-1,-3,20,-20,-1,0,10,0,UNIVERSAL_SUFFRAGE,HINDUISM,FARM: 30,"SPIRITUAL, PHILOSOPHICAL",
GENGHIS_KHAN,0,51,79,50,89,89,0,50,58,50,53,50,73,50,79,50,50,50,50,0,50,50,50,50,50,50,50,50,50,50,50,50,50,50,50,50,50,50,0,50,0,50,50,50,50,50,50,50,50,50,50,50,0,50,100,50,100,50,50,50,50,50,50,50,50,50,50,50,50,50,50,50,50,50,50,33,50,50,50,1,60,5,-5,8,4,-1,0,2,2,50,35,2,-4,65,50,500,50,500,20,80,50,250,50,250,20,20,40,10,10,25,20,80,50,500,20,50,20,5,50,20,30,5,0,5,-1,1,40,2,12,1,20,50,0,-1,0,-15,25,50,30,100,1,3,10,0,0,0,0,10,0,0,0,10,-1,-1,130,40,-1,0,80,1,10,5,90,0,120,50,2,0,-100,-300,0,-100,-100,-100,-100,-100,-100,-200,-100,-100,-200,-250,-200,-100,-100,-100,-100,-200,10,120,150,11,50,100,50,50,50,60,75,30,80,120,75,150,100,90,40,60,10,0,5,10,50,90,0,90,2,25,-1,3,1,100,100,100,100,50,100,100,100,150,10,200,30,100,100,100,50,50,150,30,150,25,10,75,10,1,3,10,1,4,8,25,-1,0,0,-1,40,50,1,2,10,-1,POLICE_STATE,DAOISM,,"AGGRESSIVE, IMPERIALIST","PILLAGE: 50, WORKER: -50"
GILGAMESH,0,92,55,50,89,99,0,50,39,50,79,50,73,50,79,50,50,50,50,0,50,50,50,50,50,50,50,50,50,50,50,50,50,50,50,50,50,50,0,50,0,50,50,50,50,50,50,50,50,50,50,50,0,50,100,50,100,50,50,50,50,50,50,50,50,50,50,50,50,50,50,50,50,50,50,67,50,50,50,1,60,5,-5,8,4,0,2,0,2,50,30,-1,-3,40,50,100,50,1000,20,80,50,250,50,50,20,20,40,10,15,20,20,80,50,250,20,50,20,5,50,20,30,5,0,55,1,0,40,2,12,1,25,25,0,-1,-1,-15,5,50,25,100,1,3,10,2,0,0,0,5,0,0,0,10,-1,-1,110,100,-1,0,30,-1,10,5,30,1,120,100,1,0,-100,-300,0,-100,-100,-100,-100,-100,-100,-200,-100,-100,-200,-250,-200,-100,-100,-100,-100,-200,10,120,150,11,50,100,50,50,50,60,75,30,80,120,75,150,100,90,40,60,10,0,15,10,60,90,0,90,2,25,-1,3,1,100,100,100,100,50,100,100,100,150,15,200,30,100,100,100,50,50,150,30,150,25,10,0,8,1,3,10,1,3,8,25,1,0,0,-2,20,0,1,2,40,-2,HEREDITARY_RULE,PAGANISM,FARM: 30,"PROTECTIVE, CREATIVE",RESERVE: 25
HAMMURABI,0,92,55,50,89,99,0,50,78,50,79,50,73,50,79,50,50,50,50,0,50,50,50,50,50,50,50,50,50,50,50,50,50,50,50,50,50,50,0,50,0,50,50,50,50,50,50,50,50,50,50,50,0,50,100,50,100,50,50,50,50,50,50,50,50,50,50,50,50,50,50,50,50,50,50,33,50,50,50,1,60,5,-5,8,0,0,8,1,2,50,30,-1,-2,35,50,100,50,1000,20,80,50,250,50,50,20,20,40,10,10,15,20,80,50,250,20,50,20,5,50,20,30,5,0,50,0,-1,40,2,12,1,30,15,0,-1,-1,-15,30,100,5,100,1,3,10,10,0,0,0,0,0,0,0,10,-1,-1,110,160,-1,0,20,-1,10,5,60,2,110,200,1,0,-100,-300,0,-100,-100,-100,-100,-100,-100,-200,-100,-100,-200,-250,-200,-100,-100,-100,-100,-200,10,120,150,11,50,100,50,50,50,60,75,30,80,120,75,150,100,90,40,60,10,0,10,20,70,100,0,100,2,25,-1,3,1,100,100,100,100,50,100,100,100,150,10,200,30,100,100,100,50,50,150,30,150,25,10,0,10,1,4,10,1,3,8,30,1,0,0,-1,40,0,1,1,40,0,BUREAUCRACY,PAGANISM,FARM: 30,"ORGANIZED, AGGRESSIVE",ATTACK: 50
HANNIBAL,0,77,91,50,54,96,0,50,39,50,79,50,73,50,79,50,50,50,50,0,50,50,50,50,50,50,50,50,50,50,50,50,50,50,50,50,50,50,0,50,0,50,50,50,50,50,50,50,50,50,50,50,0,50,100,50,100,50,50,50,50,50,50,50,50,50,50,50,50,50,50,50,50,50,50,67,50,50,50,1,60,5,-5,8,4,0,2,0,2,50,30,0,-3,30,50,250,50,250,20,80,50,1000,50,100,20,20,40,10,15,20,20,80,50,250,20,50,20,5,50,20,30,5,0,10,0,0,40,2,12,1,60,20,0,-1,-1,-15,25,50,30,100,1,2,10,0,0,2,0,5,0,0,0,10,-1,-2,100,80,-1,0,40,-1,10,5,80,1,100,100,1,0,-100,-300,0,-100,-100,-100,-100,-100,-100,-200,-100,-100,-200,-250,-200,-100,-100,-100,-100,-200,10,120,150,11,50,100,50,50,50,60,75,30,80,120,75,150,100,90,40,60,10,0,10,20,70,100,0,100,2,25,-1,3,1,100,100,100,100,50,100,100,100,150,15,200,30,100,100,100,50,50,150,30,150,25,10,10,8,1,4,10,1,3,8,55,0,-1,0,-1,30,0,1,2,10,-1,FREE_MARKET,PAGANISM,"MINE: 20, TOWN: 20","FINANCIAL, CHARISMATIC",ATTACK: 50
HATSHEPSUT,0,92,55,50,54,96,0,50,84,50,79,50,93,50,95,50,50,50,50,0,50,50,50,50,50,50,50,50,50,50,50,50,50,50,50,50,50,50,0,50,0,50,50,50,50,50,50,50,50,50,50,50,0,50,100,50,100,50,50,50,50,50,50,50,50,50,50,50,50,50,50,50,50,50,50,33,50,50,50,1,60,5,-5,8,0,1,9,2,2,50,20,-1,-2,25,50,100,50,1000,20,80,50,1000,50,100,20,20,40,10,10,12,20,80,50,250,20,50,20,2,50,20,30,2,0,70,0,0,40,2,12,1,0,0,0,-1,-2,-15,25,100,5,100,1,2,10,5,0,0,0,0,0,2,0,10,-2,-2,100,200,-1,0,20,-2,10,10,50,3,90,200,1,0,-100,-300,0,-100,-100,-100,-100,-100,-100,-200,-100,-100,-200,-250,-200,-100,-100,-100,-100,-200,10,120,150,11,50,100,50,50,50,60,75,30,80,120,75,150,100,90,40,60,10,0,10,20,70,100,0,100,2,25,-2,3,1,100,100,100,100,50,100,100,100,150,10,200,30,100,100,100,50,50,150,30,150,25,10,0,6,1,4,10,1,3,8,25,0,0,0,-2,30,0,0,0,40,-1,ORGANIZED_RELIGION,PAGANISM,"FARM: 20, MINE: 20","SPIRITUAL, CREATIVE",CITY_COUNTER: 50
HUAYNA_CAPAC,0,92,91,50,89,89,0,50,84,50,79,50,73,50,79,50,50,50,50,0,50,50,50,50,50,50,50,50,50,50,50,50,50,50,50,50,50,50,0,50,0,50,50,50,50,50,50,50,50,50,50,50,0,50,100,50,100,50,50,50,50,50,50,50,50,50,50,50,50,50,50,50,50,50,50,33,50,50,50,1,60,5,-5,8,0,0,2,1,2,50,25,-1,-3,50,50,100,50,250,20,80,50,250,50,250,20,20,40,10,10,12,20,80,50,250,20,50,20,5,50,20,30,5,0,30,1,0,40,2,12,1,40,0,0,-1,-2,-15,15,100,30,90,1,3,10,0,0,5,0,0,2,0,0,10,-2,-2,110,80,-1,0,20,0,10,10,60,1,100,100,1,0,-100,-300,0,-100,-100,-100,-100,-100,-100,-200,-100,-100,-200,-250,-200,-100,-100,-100,-100,-200,10,120,150,11,50,100,50,50,50,60,75,30,80,120,75,150,100,90,40,60,10,0,5,10,50,90,0,90,2,25,-1,3,1,100,100,100,100,50,100,100,100,150,10,200,30,100,100,100,50,50,150,30,150,25,10,10,8,1,4,10,1,3,8,25,0,0,0,-1,30,0,0,2,40,-1,HEREDITARY_RULE,PAGANISM,"MINE: 20, TOWN: 20","INDUSTRIOUS, FINANCIAL","WORKER: 25, RESERVE: 25"
ISABELLA,0,92,79,50,54,89,0,50,68,50,100,50,53,50,53,50,50,50,50,0,50,50,50,50,50,50,50,50,50,50,50,50,50,50,50,50,50,50,0,50,0,50,50,50,50,50,50,50,50,50,50,50,0,50,100,50,100,50,50,50,50,50,50,50,50,50,50,50,50,50,50,50,50,50,50,0,50,50,50,1,60,5,-5,8,0,-1,6,1,2,50,25,0,-3,30,50,100,50,500,20,80,50,1000,50,250,20,20,40,10,10,20,20,80,50,50,20,50,20,8,50,20,30,10,1,30,0,1,40,2,12,1,60,25,0,-1,-2,-15,60,50,25,120,1,3,10,0,0,0,0,0,0,10,0,10,-1,-1,100,120,-1,0,40,1,10,5,100,0,130,200,0,0,-100,-300,0,-100,-100,-100,-100,-100,-100,-200,-100,-100,-200,-250,-200,-100,-100,-100,-100,-200,10,120,150,11,50,100,50,50,50,60,75,30,80,120,75,150,100,90,40,60,10,0,5,10,50,90,0,90,2,25,-1,3,1,100,100,100,100,50,100,100,100,150,5,200,30,100,100,100,50,50,150,30,150,25,10,25,10,1,5,10,1,2,8,5,0,0,0,-1,60,0,1,1,20,-1,THEOCRACY,CHRISTIANITY,"MINE: 20, WINDMILL: 20","SPIRITUAL, EXPANSIVE","SETTLER_SEA: 25, EXPLORE_SEA: 25, MISSIONARY: 25"
JOAO,0,92,79,50,89,89,0,50,84,50,100,50,53,50,53,50,50,50,50,0,50,50,50,50,50,50,50,50,50,50,50,50,50,50,50,50,50,50,0,50,0,50,50,50,50,50,50,50,50,50,50,50,0,50,100,50,100,50,50,50,50,50,50,50,50,50,50,50,50,50,50,50,50,50,50,67,50,50,50,1,60,5,-5,8,0,0,6,2,2,50,25,0,-2,20,50,100,50,500,20,80,50,250,50,250,20,20,40,10,10,12,20,80,50,50,20,50,20,8,50,20,30,10,0,5,0,-1,40,2,12,1,40,10,0,-1,-1,-15,25,100,50,110,1,3,10,0,0,0,0,2,0,0,5,10,-1,-1,80,100,-1,0,40,1,10,5,90,3,110,200,0,0,-100,-300,0,-100,-100,-100,-100,-100,-100,-200,-100,-100,-200,-250,-200,-100,-100,-100,-100,-200,10,120,150,11,50,100,50,50,50,60,75,30,80,120,75,150,100,90,40,60,10,0,15,20,70,100,0,100,2,25,-1,3,1,100,100,100,100,50,100,100,100,150,15,200,30,100,100,100,50,50,150,30,150,25,10,0,8,1,3,10,1,2,8,50,1,-1,0,-1,40,0,0,1,20,0,HEREDITARY_RULE,CHRISTIANITY,"MINE: 20, WINDMILL: 20","IMPERIALIST, EXPANSIVE",EXPLORE_SEA: 50
JULIUS_CAESAR,0,51,79,50,99,78,0,50,39,50,53,50,73,50,79,50,50,50,50,0,50,50,50,50,50,50,50,50,50,50,50,50,50,50,50,50,50,50,0,50,0,50,50,50,50,50,50,50,50,50,50,50,0,50,100,50,100,50,50,50,50,50,50,50,50,50,50,50,50,50,50,50,50,50,50,33,50,50,50,1,60,5,-5,8,2,0,4,0,2,50,30,0,-4,50,50,500,50,500,20,80,50,50,50,500,20,20,40,10,15,20,20,80,50,500,20,50,20,5,50,20,30,5,0,25,0,1,40,2,12,1,40,10,0,-1,-1,-15,10,50,35,100,1,3,10,0,0,0,0,5,2,0,0,10,-2,-1,100,100,-1,0,40,1,10,10,80,1,110,100,1,0,-100,-300,0,-100,-100,-100,-100,-100,-100,-200,-100,-100,-200,-250,-200,-100,-100,-100,-100,-200,10,120,150,11,50,100,50,50,50,60,75,30,80,120,75,150,100,90,40,60,10,0,5,10,50,90,0,90,2,25,-1,3,1,100,100,100,100,50,100,100,100,150,10,200,30,100,100,100,50,50,150,30,150,25,10,0,8,1,3,10,1,3,8,30,0,0,0,-1,40,20,1,1,20,-1,REPRESENTATION,PAGANISM,"FARM: 20, TOWN: 20","ORGANIZED, IMPERIALIST",ATTACK: 50
JUSTINIAN,0,77,91,50,54,96,0,50,68,50,79,50,73,50,79,50,50,50,50,0,50,50,50,50,50,50,50,50,50,50,50,50,50,50,50,50,50,50,0,50,0,50,50,50,50,50,50,50,50,50,50,50,0,50,100,50,100,50,50,50,50,50,50,50,50,50,50,50,50,50,50,50,50,50,50,67,50,50,50,1,60,5,-5,8,2,1,4,0,2,50,35,0,-4,10,50,250,50,250,20,80,50,1000,50,100,20,20,40,10,10,20,20,80,50,250,20,50,20,5,50,20,30,5,2,30,1,0,40,2,12,1,60,5,0,-1,-2,-15,50,100,35,110,1,3,10,0,0,0,0,2,0,5,0,10,-2,-2,80,60,-1,0,20,-1,10,5,70,1,110,100,1,0,-100,-300,0,-100,-100,-100,-100,-100,-100,-200,-100,-100,-200,-250,-200,-100,-100,-100,-100,-200,10,120,150,11,50,100,50,50,50,60,75,30,80,120,75,150,100,90,40,60,10,0,15,30,70,100,0,100,2,25,-2,3,1,100,100,100,100,50,100,100,100,150,15,200,30,100,100,100,50,50,150,30,150,25,10,0,10,1,5,10,1,3,8,25,0,-1,0,-2,30,20,1,1,30,-2,THEOCRACY,CHRISTIANITY,"FARM: 20, WATERMILL: 20","SPIRITUAL, IMPERIALIST","ATTACK_CITY: 25, ASSAULT_SEA: 25"
KUBLAI_KHAN,0,92,91,50,100,96,100,50,68,50,53,50,73,50,79,50,50,50,50,0,50,50,50,50,100,50,100,50,100,50,100,50,50,50,50,50,50,50,100,50,0,50,50,50,50,50,50,50,100,50,100,50,0,50,100,50,100,50,50,50,50,50,50,50,50,50,50,50,50,50,50,50,50,50,50,67,50,50,50,1,60,5,-5,8,0,0,1,3,2,50,25,1,-3,20,50,100,50,250,20,80,50,25,50,100,20,10,40,10,10,20,20,80,50,500,20,50,20,5,50,20,30,5,0,50,0,1,40,2,12,1,40,10,0,-1,0,-15,25,50,50,100,1,3,10,2,0,0,0,5,0,0,0,10,-1,-1,120,60,-1,0,40,0,10,5,50,1,90,100,1,0,-100,-300,0,-200,-200,-200,-200,-100,-100,-200,-200,-100,-200,-250,-200,-200,-200,-100,-100,-200,10,120,150,11,50,100,50,50,50,60,75,30,80,120,75,150,100,90,40,60,10,0,10,10,50,90,0,90,2,25,-1,3,1,100,100,100,100,50,100,100,100,150,15,200,30,100,100,100,50,50,150,30,150,25,10,25,8,1,3,10,1,3,8,5,0,-1,-1,-2,30,0,0,2,30,0,BUREAUCRACY,BUDDHISM,"FARM: 20, WATERMILL: 20","AGGRESSIVE, CREATIVE",ATTACK_CITY: 50
LINCOLN,0,77,91,50,54,96,0,50,78,50,79,50,73,50,79,50,50,50,50,0,50,50,50,50,50,50,50,50,50,50,50,50,50,50,50,50,50,50,0,50,0,50,50,50,50,50,50,50,50,50,50,50,0,50,100,50,100,50,50,50,50,50,50,50,50,50,50,50,50,50,50,50,50,50,50,67,50,50,50,1,60,5,-5,8,0,1,9,1,2,50,25,1,-2,35,50,250,50,250,20,80,50,1000,50,100,20,20,40,10,10,15,20,80,50,250,20,50,20,5,50,20,30,5,0,10,1,-1,40,2,12,1,20,0,0,-1,0,-15,45,150,15,110,1,4,10,0,0,0,2,0,0,0,5,10,-1,-1,90,200,-1,0,10,-1,15,10,50,2,90,300,2,0,-100,-300,0,-100,-100,-100,-100,-100,-100,-200,-100,-100,-200,-250,-200,-100,-100,-100,-100,-200,10,120,150,11,50,100,50,50,50,60,75,30,80,120,75,150,100,90,40,60,10,0,10,30,80,100,0,100,2,25,-1,3,1,100,100,100,100,50,100,100,100,150,15,200,30,100,100,100,50,50,150,30,150,25,10,0,6,1,2,10,1,4,8,35,0,-1,0,-2,30,0,1,0,30,-1,EMANCIPATION,NONE,"FOREST_PRESERVE: 20, WINDMILL: 20","PHILOSOPHICAL, CHARISMATIC",RESERVE: 25
LOUIS_XIV,1,0,79,50,78,78,0,50,78,50,79,50,73,50,79,50,50,50,50,0,50,50,50,50,100,50,50,50,100,50,50,50,50,50,50,50,50,50,100,50,0,50,50,50,50,50,50,50,100,50,100,50,0,50,100,50,100,50,50,50,50,50,50,50,50,50,50,50,50,50,50,50,50,50,50,33,50,50,50,1,60,5,-5,8,2,0,1,1,2,50,30,0,-4,15,50,1000,50,500,20,80,50,500,50,500,20,20,40,10,10,15,20,80,50,250,20,50,20,5,50,20,30,5,0,60,0,1,40,2,12,1,40,10,0,-1,-2,-15,40,50,15,120,1,3,10,5,0,0,0,2,0,0,0,10,-1,-2,130,60,-1,0,10,-1,10,20,70,3,110,200,2,0,-100,-300,0,-200,-100,-200,-100,-100,-100,-200,-200,-100,-200,-250,-200,-200,-200,-100,-100,-200,10,120,150,11,50,100,50,50,50,60,75,30,80,120,75,150,100,90,40,60,10,0,5,0,20,80,0,80,2,25,-1,3,1,100,100,100,100,50,100,100,100,150,10,200,30,100,100,100,50,50,150,30,150,25,10,0,6,1,4,10,1,2,8,20,0,0,0,-1,30,0,-1,2,50,-2,HEREDITARY_RULE,CHRISTIANITY,"LUMBERMILL: 20, WORKSHOP: 20","INDUSTRIOUS, CREATIVE",ATTACK: 50
MANSA_MUSA,-1,97,91,50,78,99,0,50,84,50,95,50,100,50,100,50,50,50,50,0,50,50,50,50,50,50,50,50,50,50,50,50,50,50,50,50,50,50,0,50,0,50,50,50,50,50,50,50,50,50,50,50,0,50,100,50,100,50,50,50,50,50,50,50,50,50,50,50,50,50,50,50,50,50,50,100,50,50,50,1,60,5,-5,8,0,1,9,4,2,50,25,-1,-2,25,50,50,50,250,20,80,50,500,50,50,20,20,40,10,10,12,20,80,50,100,20,50,20,1,50,20,30,1,-1,45,-1,1,40,2,12,1,20,5,0,-1,-2,-15,50,50,0,60,1,4,10,0,0,5,0,0,0,2,0,10,-3,-3,90,200,-1,0,20,-1,10,20,50,1,100,400,0,0,-100,-300,0,-100,-100,-100,-100,-100,-100,-200,-100,-100,-200,-250,-200,-100,-100,-100,-100,-200,10,120,150,11,50,100,50,50,50,60,75,30,80,120,75,150,100,90,40,60,10,0,20,10,50,90,0,90,2,25,-3,3,1,100,100,100,100,50,100,100,100,150,20,200,30,100,100,100,50,50,150,30,150,25,10,0,6,1,5,10,1,3,8,30,1,-2,-1,-2,0,-20,-1,0,20,0,FREE_MARKET,ISLAM,MINE: 30,"SPIRITUAL, FINANCIAL",CITY_COUNTER: 50
MAO_ZEDONG,1,92,100,50,78,78,0,50,39,50,0,50,73,50,79,50,50,50,50,0,50,50,50,50,50,50,50,50,50,50,50,50,50,50,50,50,50,50,0,50,0,50,50,50,50,50,50,50,50,50,50,50,0,50,100,50,100,50,50,50,50,50,50,50,50,50,50,50,50,50,50,50,50,50,50,0,50,50,50,1,60,5,-5,8,2,0,1,0,2,50,25,0,-3,50,50,100,50,50,20,80,50,500,50,500,20,20,40,10,15,20,20,80,50,1000,20,50,20,5,50,20,30,5,0,0,0,1,40,2,12,1,40,5,0,-1,0,-15,15,50,35,130,1,5,10,0,0,0,5,0,2,0,0,10,-1,-1,120,60,-1,0,40,-1,10,5,60,1,110,200,2,0,-100,-300,0,-100,-100,-100,-100,-100,-100,-200,-100,-100,-200,-250,-200,-100,-100,-100,-100,-200,10,120,150,11,50,100,50,50,50,60,75,30,80,120,75,150,100,90,40,60,10,0,5,0,30,80,0,80,2,25,-1,3,1,100,100,100,100,50,100,100,100,150,5,200,30,100,100,100,50,50,150,30,150,25,10,0,8,1,2,10,1,3,8,50,-1,0,0,-1,50,0,1,2,10,0,STATE_PROPERTY,NONE,"WORKSHOP: 20, WATERMILL: 20","EXPANSIVE, PROTECTIVE","WORKER: 25, PILLAGE: 25"
MEHMED,0,77,91,50,100,96,0,50,68,50,79,50,73,50,79,50,50,50,50,0,50,50,50,50,50,50,50,50,50,50,50,50,50,50,50,50,50,50,0,50,0,50,50,50,50,50,50,50,50,50,50,50,0,50,100,50,100,50,50,50,50,50,50,50,50,50,50,50,50,50,50,50,50,50,50,33,50,50,50,1,60,5,-5,8,2,-1,2,3,2,50,40,0,-2,25,50,250,50,250,20,80,50,25,50,100,20,20,40,10,10,20,20,80,50,250,20,50,20,5,50,20,30,5,0,25,-1,0,40,2,12,1,20,40,0,-1,-2,-15,30,25,55,110,1,3,10,2,0,0,0,5,0,0,0,10,-1,-2,100,100,-1,0,60,-1,10,5,50,1,90,100,0,0,-100,-300,0,-100,-100,-100,-100,-100,-100,-200,-100,-100,-200,-250,-200,-100,-100,-100,-100,-200,10,120,150,11,50,100,50,50,50,60,75,30,80,120,75,150,100,90,40,60,10,0,5,20,70,100,0,100,2,25,-1,3,1,100,100,100,100,50,100,100,100,150,10,200,30,100,100,100,50,50,150,30,150,25,10,25,8,1,4,10,1,4,8,15,0,-1,0,-1,40,0,1,1,20,0,VASSALAGE,ISLAM,TOWN: 30,"EXPANSIVE, ORGANIZED",COLLATERAL: 50
MOCTEZUMA,0,0,55,50,99,54,0,50,58,50,53,50,53,50,53,50,50,50,50,0,50,50,50,50,50,50,50,50,50,50,50,50,50,50,50,50,50,50,0,50,0,50,50,50,50,50,50,50,50,50,50,50,0,50,100,50,100,50,50,50,50,50,50,50,50,50,50,50,50,50,50,50,50,50,50,67,50,50,50,1,60,5,-5,8,4,-1,0,0,2,50,35,-1,-4,70,50,1000,50,1000,20,80,50,50,50,1000,20,20,40,10,10,25,20,80,50,500,20,50,20,8,50,20,30,10,0,25,-1,1,40,2,12,1,60,10,0,-1,-2,-15,25,25,30,80,1,2,10,0,0,0,0,5,0,2,0,10,-1,-1,130,40,-1,0,80,1,10,5,80,0,130,50,-1,0,-100,-300,0,-100,-100,-100,-100,-100,-100,-200,-100,-100,-200,-250,-200,-100,-100,-100,-100,-200,10,120,150,11,50,100,50,50,50,60,75,30,80,120,75,150,100,90,40,60,10,0,5,0,30,80,0,80,2,25,-1,3,1,100,100,100,100,50,100,100,100,150,15,200,30,100,100,100,50,50,150,30,150,25,10,50,10,1,2,10,1,4,8,0,-1,0,0,-1,50,0,1,2,0,-3,POLICE_STATE,PAGANISM,FARM: 30,"AGGRESSIVE, SPIRITUAL",ATTACK: 50
NAPOLEON,0,51,98,50,89,96,0,50,58,50,53,50,73,50,79,50,50,50,50,0,50,50,50,50,50,50,50,50,50,50,50,50,50,50,50,50,50,50,0,50,0,50,50,50,50,50,50,50,50,50,50,50,0,50,100,50,100,50,50,50,50,50,50,50,50,50,50,50,50,50,50,50,50,50,50,33,50,50,50,1,60,5,-5,8,6,-1,0,1,2,50,40,-1,-3,35,50,500,50,100,20,80,50,250,50,100,20,20,40,10,10,25,20,80,50,500,20,50,20,5,50,20,30,5,0,25,0,1,40,2,12,1,60,10,0,-1,0,-15,5,50,60,100,1,4,10,0,0,2,0,5,0,0,0,10,-1,-1,120,40,-1,0,40,1,10,5,70,1,120,100,2,0,-100,-300,0,-100,-100,-100,-100,-100,-100,-200,-100,-100,-200,-250,-200,-100,-100,-100,-100,-200,10,120,150,11,50,100,50,50,50,60,75,30,80,120,75,150,100,90,40,60,10,0,10,10,50,90,0,90,2,25,-1,3,1,100,100,100,100,50,100,100,100,150,10,200,30,100,100,100,50,50,150,30,150,25,10,0,10,1,3,10,1,4,8,25,-1,0,0,-1,60,20,1,2,10,-1,REPRESENTATION,CHRISTIANITY,"WORKSHOP: 20, WINDMILL: 20","ORGANIZED, CHARISMATIC","COLLATERAL: 25, PILLAGE: 25"
OGISO_IGODO,-1,97,91,50,78,99,0,50,50,50,95,50,100,50,100,50,50,50,50,0,50,50,50,50,50,50,50,50,50,50,50,50,50,50,50,50,50,50,0,50,0,50,50,50,50,50,50,50,50,50,50,50,0,50,100,50,100,50,50,50,50,50,50,50,50,50,50,50,50,50,50,50,50,50,50,20,50,50,50,1,60,5,-5,8,2,2,6,2,2,50,30,0,-2,15,50,50,50,250,20,80,50,500,50,50,20,20,40,10,15,15,20,80,50,100,20,50,20,1,50,20,30,1,1,50,-1,1,40,2,12,1,50,10,0,-1,-2,-15,35,50,15,100,1,3,10,0,0,0,5,0,0,2,0,10,-2,-2,110,100,-1,0,10,-1,10,10,50,2,100,200,0,0,-100,-300,0,-100,-100,-100,-100,-100,-100,-200,-100,-100,-200,-250,-200,-100,-100,-100,-100,-200,10,120,150,11,50,100,50,50,50,60,75,30,80,120,75,150,100,90,40,60,10,0,10,10,50,90,0,90,2,25,-1,3,1,100,100,100,100,50,100,100,100,150,8,200,30,100,100,100,50,50,150,30,150,25,10,5,8,1,6,10,1,3,8,35,0,0,-1,-2,30,0,0,1,20,-1,HEREDITARY_RULE,PAGANISM,FARM: 20,"PROTECTIVE, FINANCIAL",RESERVE: 25
PACAL,0,92,91,50,89,89,0,50,84,50,79,50,73,50,79,50,50,50,50,0,50,50,50,50,50,50,50,50,50,50,50,50,50,50,50,50,50,50,0,50,0,50,50,50,50,50,50,50,50,50,50,50,0,50,100,50,100,50,50,50,50,50,50,50,50,50,50,50,50,50,50,50,50,50,50,33,50,50,50,1,60,5,-5,8,0,1,2,2,2,50,25,-1,-2,5,50,100,50,250,20,80,50,250,50,250,20,20,40,10,10,12,20,80,50,250,20,50,20,5,50,20,30,5,0,45,1,1,60,2,12,1,40,0,0,-1,-2,-15,40,100,30,100,1,4,10,5,0,0,2,0,0,0,0,10,-2,-2,100,100,-1,0,10,0,15,15,50,1,90,300,-1,0,-100,-300,0,-100,-100,-100,-100,-100,-100,-200,-100,-100,-200,-250,-200,-100,-100,-100,-100,-200,10,120,150,11,50,100,50,50,50,60,75,30,80,120,75,150,100,90,40,60,10,0,5,10,50,90,0,90,2,25,-1,3,1,100,100,100,100,50,100,100,100,150,10,200,30,100,100,100,50,50,150,30,150,25,10,10,6,1,4,10,1,3,8,30,1,0,0,-1,50,0,1,0,40,-1,HEREDITARY_RULE,PAGANISM,"TOWN: 20, FOREST_PRESERVE: 20","FINANCIAL, EXPANSIVE","WORKER: 25, CITY_COUNTER: 25"
PERICLES,0,77,55,50,89,78,0,50,68,50,79,50,73,50,79,50,50,50,50,0,50,50,50,50,50,50,50,50,50,50,50,50,50,50,50,50,50,50,0,50,0,50,50,50,50,50,50,50,50,50,50,50,0,50,100,50,100,50,50,50,50,50,50,50,50,50,50,50,50,50,50,50,50,50,50,33,50,50,50,1,60,5,-5,8,0,1,6,0,2,50,25,-1,-2,15,50,250,50,1000,20,80,50,250,50,500,20,20,40,10,10,20,20,80,50,250,20,50,20,5,50,20,30,5,0,35,1,-1,40,2,12,1,50,10,0,-1,-1,-15,25,100,30,100,1,2,10,0,0,0,0,0,5,0,2,10,-1,-1,100,200,-1,0,50,0,10,10,70,2,90,250,0,0,-100,-300,0,-100,-100,-100,-100,-100,-100,-200,-100,-100,-200,-250,-200,-100,-100,-100,-100,-200,10,120,150,11,50,100,50,50,50,60,75,30,80,120,75,150,100,90,40,60,10,0,15,20,70,100,0,100,2,25,-2,3,1,100,100,100,100,50,100,100,100,150,10,200,30,100,100,100,50,50,150,30,150,25,10,0,8,1,4,10,1,3,8,45,1,0,0,-2,10,0,1,0,40,0,REPRESENTATION,PAGANISM,"MINE: 20, TOWN: 20","PHILOSOPHICAL, CREATIVE","ATTACK_SEA: 25, SETTLER_SEA: 25"
PETER,0,97,55,50,78,96,0,50,78,50,53,50,73,50,79,50,50,50,50,0,50,50,50,50,50,50,50,50,50,50,50,50,50,50,50,50,50,50,0,50,0,50,50,50,50,50,50,50,50,50,50,50,0,50,100,50,100,50,50,50,50,50,50,50,50,50,50,50,50,50,50,50,50,50,50,100,50,50,50,1,60,5,-5,8,4,0,1,2,2,50,30,1,-3,30,50,50,50,1000,20,80,50,500,50,100,20,20,40,10,10,15,20,80,50,500,20,50,20,5,50,20,30,5,0,5,-1,1,40,2,12,1,20,0,0,-1,-1,-15,40,50,25,120,1,2,10,0,0,0,2,0,0,0,5,10,-2,-1,120,60,-1,0,20,-1,10,10,60,2,120,100,2,0,-100,-300,0,-100,-100,-100,-100,-100,-100,-200,-100,-100,-200,-250,-200,-100,-100,-100,-100,-200,10,120,150,11,50,100,50,50,50,60,75,30,80,120,75,150,100,90,40,60,10,0,15,10,50,90,0,90,2,25,-1,3,1,100,100,100,100,50,100,100,100,150,20,200,30,100,100,100,50,50,150,30,150,25,10,0,8,1,4,10,1,4,8,50,0,0,0,-2,10,0,1,2,30,-2,BUREAUCRACY,CHRISTIANITY,"FARM: 20, WORKSHOP: 20","PHILOSOPHICAL, EXPANSIVE","ATTACK_SEA: 25, SETTLE: 25"
QIN_SHI_HUANG,0,77,98,50,78,89,0,50,78,50,53,50,73,50,79,50,50,50,50,0,50,50,50,50,100,50,50,50,100,50,50,50,50,50,50,50,50,50,100,50,0,50,50,50,50,50,50,50,100,50,100,50,0,50,100,50,100,50,50,50,50,50,50,50,50,50,50,50,50,50,50,50,50,50,50,33,50,50,50,1,60,5,-5,8,2,1,2,0,2,50,20,1,-3,40,50,250,50,100,20,80,50,500,50,250,20,20,40,10,10,15,20,80,50,500,20,50,20,5,50,20,30,5,0,40,0,1,40,2,12,1,40,25,0,-1,-1,-15,45,25,15,90,1,4,10,0,0,0,2,0,5,0,0,10,-2,-2,110,80,-1,0,20,1,10,10,40,2,120,300,1,0,-100,-300,0,-200,-100,-200,-100,-100,-100,-200,-200,-100,-200,-250,-200,-200,-200,-100,-100,-200,10,120,150,11,50,100,50,50,50,60,75,30,80,120,75,150,100,90,40,60,10,0,5,0,30,80,0,80,2,25,-1,3,1,100,100,100,100,50,100,100,100,150,10,200,30,100,100,100,50,50,150,30,150,25,10,0,8,1,4,10,1,3,8,10,0,-1,0,-1,30,0,1,2,30,-1,BUREAUCRACY,DAOISM,"FARM: 20, WORKSHOP: 20","INDUSTRIOUS, PROTECTIVE","COUNTER: 50, COLLATERAL: 100"
RAGNAR,0,77,91,50,100,96,0,50,68,50,79,50,73,50,79,50,50,50,50,0,50,50,50,50,50,50,50,50,50,50,50,50,50,50,50,50,50,50,0,50,0,50,50,50,50,50,50,50,50,50,50,50,0,50,100,50,100,50,50,50,50,50,50,50,50,50,50,50,50,50,50,50,50,50,50,0,50,50,50,1,60,5,-5,8,6,-1,0,2,2,50,40,-1,-2,50,50,250,50,250,20,80,50,25,50,100,20,20,40,10,10,20,20,80,50,250,20,50,20,5,50,20,30,5,0,10,-1,0,40,2,12,1,80,20,0,-1,0,-15,25,25,40,100,1,3,10,0,0,0,0,10,0,0,0,10,1,-1,100,40,-1,0,80,1,10,5,90,0,110,50,1,0,-100,-300,0,-100,-100,-100,-100,-100,-100,-200,-100,-100,-200,-250,-200,-100,-100,-100,-100,-200,10,120,150,11,50,100,50,50,50,60,75,30,80,120,75,150,100,90,40,60,10,0,5,0,50,90,0,90,2,25,-2,3,1,100,100,100,100,50,100,100,100,150,5,200,30,100,100,100,50,50,150,30,150,25,10,50,10,1,4,10,1,3,8,25,-1,0,1,0,30,0,1,2,10,-1,HEREDITARY_RULE,PAGANISM,"FARM: 20, LUMBERMILL: 20","FINANCIAL, AGGRESSIVE","ASSAULT_SEA: 25, PILLAGE: 25"
RAMESSES,1,77,91,50,54,96,0,50,78,50,79,50,73,50,79,50,50,50,50,0,50,50,50,50,50,50,50,50,50,50,50,50,50,50,50,50,50,50,0,50,0,50,50,50,50,50,50,50,50,50,50,50,0,50,100,50,100,50,50,50,50,50,50,50,50,50,50,50,50,50,50,50,50,50,50,33,50,50,50,1,60,5,-5,8,2,0,6,2,2,50,20,-1,-2,35,50,250,50,250,20,80,50,1000,50,100,20,20,40,10,10,15,20,80,50,250,20,50,20,5,50,20,30,5,1,25,0,0,40,2,12,1,40,20,0,-1,-1,-15,20,100,35,100,1,3,10,5,0,0,0,0,2,0,0,10,-2,-1,100,160,-1,0,20,1,10,15,50,3,90,200,1,0,-100,-300,0,-100,-100,-100,-100,-100,-100,-200,-100,-100,-200,-250,-200,-100,-100,-100,-100,-200,10,120,150,11,50,100,50,50,50,60,75,30,80,120,75,150,100,90,40,60,10,0,15,20,70,100,0,100,2,25,-1,3,1,100,100,100,100,50,100,100,100,150,10,200,30,100,100,100,50,50,150,30,150,25,10,0,8,1,5,10,1,3,8,25,0,-1,-1,-1,60,0,1,0,50,0,ORGANIZED_RELIGION,PAGANISM,"FARM: 20, TOWN: 20","SPIRITUAL, INDUSTRIOUS",RESERVE: 25
SALADIN,0,0,0,50,89,96,100,50,50,50,95,50,73,50,79,50,50,50,50,0,50,50,50,50,50,50,50,50,50,50,50,50,50,50,50,50,50,50,0,50,0,50,50,50,50,50,50,50,50,50,50,50,0,50,100,50,100,50,50,50,50,50,50,50,50,50,50,50,50,50,50,50,50,50,50,33,50,50,50,1,60,5,-5,8,0,0,4,2,2,50,30,0,-3,45,50,1000,50,0,20,80,50,250,50,100,20,10,40,10,15,15,20,80,50,100,20,50,20,5,50,20,30,5,1,10,0,-1,40,2,12,0,0,25,0,-1,-2,-15,45,50,25,100,1,1,10,0,0,0,0,5,0,2,0,10,-2,-1,100,100,-1,0,10,0,10,5,80,0,110,200,0,0,-100,-300,0,-100,-100,-100,-100,-100,-100,-200,-100,-100,-200,-250,-200,-100,-100,-100,-100,-200,10,120,150,11,50,100,50,50,50,60,75,30,80,120,75,150,100,90,40,60,10,0,10,20,70,100,0,100,2,25,-1,3,1,100,100,100,100,50,100,100,100,150,10,200,30,100,100,100,50,50,150,30,150,25,10,0,8,1,4,10,1,4,8,25,1,0,0,-1,40,0,0,1,10,0,THEOCRACY,ISLAM,"WATERMILL: 20, WINDMILL: 20","PROTECTIVE, SPIRITUAL",ATTACK_CITY: 50
SHAKA,0,77,91,50,100,96,0,50,58,50,79,50,73,50,79,50,50,50,50,0,50,50,50,50,50,50,50,50,50,50,50,50,50,50,50,50,50,50,0,50,0,50,50,50,50,50,50,50,50,50,50,50,0,50,100,50,100,50,50,50,50,50,50,50,50,50,50,50,50,50,50,50,50,50,50,0,50,50,50,1,60,5,-5,8,4,-1,2,0,2,50,40,-1,-4,60,50,250,50,250,20,80,50,25,50,100,20,20,40,10,10,25,20,80,50,250,20,50,20,5,50,20,30,5,-1,25,-1,1,40,2,12,1,40,40,0,-1,0,-15,15,50,35,100,1,2,10,0,0,0,0,10,0,0,0,10,-1,-2,100,160,-1,0,80,-1,10,5,50,0,90,50,-1,0,-100,-300,0,-100,-100,-100,-100,-100,-100,-200,-100,-100,-200,-250,-200,-100,-100,-100,-100,-200,10,120,150,11,50,100,50,50,50,60,75,30,80,120,75,150,100,90,40,60,10,0,5,0,40,90,0,90,2,25,-1,3,1,100,100,100,100,50,100,100,100,150,5,200,30,100,100,100,50,50,150,30,150,25,10,50,10,1,3,10,1,4,8,15,-1,0,0,0,50,20,1,2,10,-2,POLICE_STATE,PAGANISM,,"AGGRESSIVE, EXPANSIVE","ATTACK: 50, WORKER: -50"
SITTING_BULL,0,0,55,50,54,54,0,50,10,50,53,50,53,50,53,50,50,50,50,0,50,50,50,50,50,50,50,50,50,50,50,50,50,50,50,50,50,50,0,50,0,50,50,50,50,50,50,50,50,50,50,50,0,50,100,50,100,50,50,50,50,50,50,50,50,50,50,50,50,50,50,50,50,50,50,0,50,50,50,1,60,5,-5,8,4,0,8,0,2,50,35,-1,-4,25,50,1000,50,1000,20,80,50,1000,50,1000,20,20,40,10,20,20,20,80,50,500,20,50,20,8,50,20,30,10,0,25,1,-1,40,2,12,1,20,10,0,-1,0,-15,65,100,10,120,1,2,10,0,0,0,2,5,0,0,0,10,-2,-2,100,200,-1,0,120,-2,10,5,0,4,130,200,2,0,-100,-300,0,-100,-100,-100,-100,-100,-100,-200,-100,-100,-200,-250,-200,-100,-100,-100,-100,-200,10,120,150,11,50,100,50,50,50,60,75,30,80,120,75,150,100,90,40,60,10,0,5,40,90,100,0,100,2,25,-1,3,1,100,100,100,100,50,100,100,100,150,5,200,30,100,100,100,50,50,150,30,150,25,10,20,12,1,2,10,1,4,8,25,0,-1,-1,-1,80,50,1,0,0,0,ENVIRONMENTALISM,PAGANISM,FARM: 20,"PHILOSOPHICAL, PROTECTIVE",CITY_DEFENSE: 50
STALIN,1,77,91,50,54,96,0,50,10,50,79,50,73,50,79,50,50,50,50,0,50,50,50,50,50,50,50,50,50,50,50,50,50,50,50,50,50,50,0,50,0,50,50,50,50,50,50,50,50,50,50,50,0,50,100,50,100,50,50,50,50,50,50,50,50,50,50,50,50,50,50,50,50,50,50,0,50,50,50,1,60,5,-5,8,2,-1,2,0,2,50,30,1,-3,20,50,250,50,250,20,80,50,1000,50,100,20,20,40,10,20,20,20,80,50,250,20,50,20,5,50,20,30,5,-1,10,0,1,40,2,12,1,60,20,0,-1,0,-15,10,50,40,140,1,5,10,0,0,0,0,5,2,0,0,10,-1,-2,100,120,-1,0,60,1,10,5,80,0,110,100,2,0,-100,-300,0,-100,-100,-100,-100,-100,-100,-200,-100,-100,-200,-250,-200,-100,-100,-100,-100,-200,10,120,150,11,50,100,50,50,50,60,75,30,80,120,75,150,100,90,40,60,10,0,5,10,50,90,0,90,2,25,-2,3,1,100,100,100,100,50,100,100,100,150,5,200,30,100,100,100,50,50,150,30,150,25,10,25,8,1,2,10,1,3,8,70,-1,0,0,0,80,0,0,1,30,-3,STATE_PROPERTY,NONE,"TOWN: 20, WORKSHOP: 20","INDUSTRIOUS, AGGRESSIVE","ATTACK: 25, SPY: 25"
SULEIMAN,0,77,91,50,54,96,0,50,58,50,79,50,73,50,79,50,50,50,50,0,50,50,50,50,50,50,50,50,50,50,50,50,50,50,50,50,50,50,0,50,0,50,50,50,50,50,50,50,50,50,50,50,0,50,100,50,100,50,50,50,50,50,50,50,50,50,50,50,50,50,50,50,50,50,50,13,50,50,50,1,60,5,-5,8,2,0,4,1,2,50,30,0,-2,20,50,250,50,250,20,80,50,1000,50,100,20,20,40,10,10,25,20,80,50,250,20,50,20,5,50,20,30,5,-1,55,-1,1,40,2,12,1,0,50,0,-1,-1,-15,20,25,45,90,1,3,10,5,0,0,0,2,0,0,0,10,-2,-2,100,100,-1,0,40,-1,10,5,50,1,100,100,0,0,-100,-300,0,-100,-100,-100,-100,-100,-100,-200,-100,-100,-200,-250,-200,-100,-100,-100,-100,-200,10,120,150,11,50,100,50,50,50,60,75,30,80,120,75,150,100,90,40,60,10,0,10,20,70,100,0,100,2,25,-1,3,1,100,100,100,100,50,100,100,100,150,7,200,30,100,100,100,50,50,150,30,150,25,10,5,8,1,2,10,1,5,8,10,1,0,-1,-1,40,0,0,1,20,-1,HEREDITARY_RULE,ISLAM,"TOWN: 20, WORKSHOP: 20","IMPERIALIST, PHILOSOPHICAL",ATTACK_SEA: 50
SURYAVARMAN,0,92,91,50,89,96,100,50,78,50,53,50,73,50,79,50,50,50,50,0,50,50,50,50,100,50,100,50,100,50,100,50,50,50,50,50,50,50,50,50,0,50,50,50,50,50,50,50,100,50,100,50,0,50,100,50,100,50,50,50,50,50,50,50,50,50,50,50,50,50,50,50,50,50,50,20,50,50,50,1,60,5,-5,8,0,0,1,0,2,50,30,-1,-3,10,50,100,50,250,20,80,50,250,50,100,20,10,40,10,10,15,20,80,50,500,20,50,20,5,50,20,30,5,0,30,0,1,40,2,12,1,50,0,0,-1,-2,-15,50,25,35,100,1,3,10,2,0,0,0,0,0,5,0,10,-1,-2,100,60,-1,0,60,0,15,10,60,2,110,100,1,0,-100,-300,0,-200,-200,-200,-200,-100,-100,-200,-150,-100,-200,-250,-200,-200,-200,-100,-100,-200,10,120,150,11,50,100,50,50,50,60,75,30,80,120,75,150,100,90,40,60,10,0,10,10,50,90,0,90,2,25,-1,3,1,100,100,100,100,50,100,100,100,150,8,200,30,100,100,100,50,50,150,30,150,25,10,25,8,1,4,10,1,3,8,25,1,0,0,-1,50,-10,0,1,40,-2,CASTE_SYSTEM,HINDUISM,FARM: 30,"EXPANSIVE, CREATIVE",ATTACK: 50
TOKUGAWA,1,0,91,50,54,0,0,50,0,50,53,50,0,50,0,50,50,50,50,0,50,50,50,50,100,50,100,50,100,50,100,50,50,50,50,50,50,50,50,50,0,50,50,50,50,50,50,50,100,50,100,50,0,50,100,50,100,50,50,50,50,50,50,50,50,50,50,50,50,50,50,50,50,50,50,0,50,50,50,1,60,5,-5,8,0,-1,1,1,2,50,30,0,-3,40,50,1000,50,250,20,80,50,1000,50,0,20,20,40,10,20,25,20,80,50,500,20,50,20,16,50,20,30,20,1,25,0,1,40,2,12,0,60,25,0,-1,-1,-15,0,25,45,60,1,4,10,0,0,0,0,2,0,0,5,10,0,0,100,60,-1,0,40,2,10,5,30,4,100,100,2,0,-100,-300,0,-200,-200,-200,-200,-100,-100,-200,-150,-100,-200,-250,-200,-200,-200,-100,-100,-200,10,120,150,11,50,100,50,50,50,60,75,30,80,120,75,150,100,90,40,60,10,0,5,10,50,90,0,90,2,25,0,3,1,100,100,100,100,50,100,100,100,150,5,200,30,100,100,100,50,50,150,30,150,25,10,25,10,1,3,10,1,4,8,40,-1,1,1,0,100,0,0,2,20,0,MERCANTILISM,BUDDHISM,"FARM: 20, LUMBERMILL: 20","PROTECTIVE, AGGRESSIVE","CITY_COUNTER: 25, WORKER: 25"
VICTORIA,1,77,79,50,78,89,0,50,68,50,53,50,73,50,79,50,50,50,50,0,50,50,50,50,50,50,50,50,50,50,50,50,50,50,50,50,50,50,0,50,0,50,50,50,50,50,50,50,50,50,50,50,0,50,100,50,100,50,50,50,50,50,50,50,50,50,50,50,50,50,50,50,50,50,50,13,50,50,50,1,60,5,-5,8,0,0,8,0,2,50,25,-1,-2,5,50,250,50,500,20,80,50,500,50,250,20,20,40,10,10,20,20,80,50,500,20,50,20,5,50,20,30,5,0,35,0,1,40,2,12,1,0,0,0,-1,0,-15,10,100,70,110,1,3,10,0,0,5,2,0,0,0,0,10,-2,-2,100,160,-1,0,20,-1,10,5,60,2,90,200,2,0,-100,-300,0,-100,-100,-100,-100,-100,-100,-200,-100,-100,-200,-250,-200,-100,-100,-100,-100,-200,10,120,150,11,50,100,50,50,50,60,75,30,80,120,75,150,100,90,40,60,10,0,10,0,20,80,0,80,2,25,-1,3,1,100,100,100,100,50,100,100,100,150,7,200,30,100,100,100,50,50,150,30,150,25,10,0,10,1,3,10,1,3,8,30,-1,-1,-1,-1,30,0,1,0,30,-1,REPRESENTATION,CHRISTIANITY,TOWN: 30,"IMPERIALIST, FINANCIAL",RESERVE_SEA: 50
WANGKON,0,77,91,50,89,96,0,50,78,50,79,50,73,50,79,50,50,50,50,0,50,50,50,50,50,50,50,50,50,50,50,50,50,50,50,50,50,50,0,50,0,50,50,50,50,50,50,50,50,50,50,50,0,50,100,50,100,50,50,50,50,50,50,50,50,50,50,50,50,50,50,50,50,50,50,20,50,50,50,1,60,5,-5,8,0,0,8,3,2,50,25,0,-2,10,50,250,50,250,20,80,50,250,50,100,20,20,40,10,10,15,20,80,50,250,20,50,20,5,50,20,30,5,0,30,0,0,40,2,12,1,40,20,0,-1,-1,-15,35,100,20,110,1,3,10,0,0,5,0,0,0,0,2,10,-1,-2,100,120,-1,0,40,-1,10,15,50,3,90,100,0,0,-100,-300,0,-100,-100,-100,-100,-100,-100,-200,-100,-100,-200,-250,-200,-100,-100,-100,-100,-200,10,120,150,11,50,100,50,50,50,60,75,30,80,120,75,150,100,90,40,60,10,0,10,20,70,100,0,100,2,25,-1,3,1,100,100,100,100,50,100,100,100,150,8,200,30,100,100,100,50,50,150,30,150,25,10,10,6,1,3,10,1,3,8,55,1,-1,0,-1,20,0,0,0,20,0,CASTE_SYSTEM,BUDDHISM,"TOWN: 20, MINE: 20","FINANCIAL, PROTECTIVE",CITY_DEFENSE: 50
WASHINGTON,0,77,91,50,54,96,0,50,78,50,79,50,73,50,79,50,50,50,50,0,50,50,50,50,50,50,50,50,50,50,50,50,50,50,50,50,50,50,0,50,0,50,50,50,50,50,50,50,50,50,50,50,0,50,100,50,100,50,50,50,50,50,50,50,50,50,50,50,50,50,50,50,50,50,50,13,50,50,50,1,60,5,-5,8,2,0,8,1,2,50,25,1,-2,45,50,250,50,250,20,80,50,1000,50,100,20,20,40,10,10,15,20,80,50,250,20,50,20,5,50,20,30,5,0,40,1,0,40,2,12,1,100,0,0,-1,-1,-15,25,100,30,120,1,4,10,0,0,0,2,5,0,0,0,10,-2,-1,110,160,-1,0,20,-1,10,5,80,3,90,200,2,0,-100,-300,0,-100,-100,-100,-100,-100,-100,-200,-100,-100,-200,-250,-200,-100,-100,-100,-100,-200,10,120,150,11,50,100,50,50,50,60,75,30,80,120,75,150,100,90,40,60,10,0,10,20,70,100,0,100,2,25,-1,3,1,100,100,100,100,50,100,100,100,150,7,200,30,100,100,100,50,50,150,30,150,25,10,0,8,1,4,10,1,3,8,10,0,-1,0,-1,30,0,1,0,20,0,FREE_SPEECH,CHRISTIANITY,"FARM: 20, TOWN: 20","EXPANSIVE, CHARISMATIC","SETTLE: 25, PIRATE_SEA: 25"
WILLEM_VAN_ORANJE,0,77,91,50,54,96,0,50,68,50,79,50,73,50,79,50,50,50,50,0,50,50,50,50,50,50,50,50,50,50,50,50,50,50,50,50,50,50,0,50,0,50,50,50,50,50,50,50,50,50,50,50,0,50,100,50,100,50,50,50,50,50,50,50,50,50,50,50,50,50,50,50,50,50,50,33,50,50,50,1,60,5,-5,8,2,0,4,1,2,50,25,0,-1,25,50,250,50,250,20,80,50,1000,50,100,20,20,40,10,10,20,20,80,50,250,20,50,20,5,50,20,30,5,-1,40,1,0,40,2,12,1,50,20,0,-1,0,-15,35,100,0,100,1,4,10,0,0,5,0,0,0,0,2,10,-2,-2,100,120,-1,0,40,-2,10,10,60,1,100,150,2,0,-100,-300,0,-100,-100,-100,-100,-100,-100,-200,-100,-100,-200,-250,-200,-100,-100,-100,-100,-200,10,120,150,11,50,100,50,50,50,60,75,30,80,120,75,150,100,90,40,60,10,0,15,10,50,90,0,90,2,25,-1,3,1,100,100,100,100,50,100,100,100,150,10,200,30,100,100,100,50,50,150,30,150,25,10,0,8,1,1,10,1,4,8,50,1,-2,-1,-2,15,0,1,0,20,-1,FREE_RELIGION,CHRISTIANITY,WINDMILL: 30,"CREATIVE, FINANCIAL","CITY_COUNTER: 25, PIRATE_SEA: 25"
ZARA_YAQOB,-1,97,91,50,78,99,0,50,50,50,95,50,100,50,100,50,50,50,50,0,50,50,50,50,50,50,50,50,50,50,50,50,50,50,50,50,50,50,0,50,0,50,50,50,50,50,50,50,50,50,50,50,0,50,100,50,100,50,50,50,50,50,50,50,50,50,50,50,50,50,50,50,50,50,50,20,50,50,50,1,60,5,-5,8,2,2,6,2,2,50,30,0,-2,15,50,50,50,250,20,80,50,500,50,50,20,20,40,10,15,15,20,80,50,100,20,50,20,1,50,20,30,1,1,50,-1,1,40,2,12,1,50,10,0,-1,-2,-15,35,50,15,100,1,3,10,0,0,0,5,0,0,2,0,10,-2,-2,110,100,-1,0,10,-1,10,10,50,2,100,200,0,0,-100,-300,0,-100,-100,-100,-100,-100,-100,-200,-100,-100,-200,-250,-200,-100,-100,-100,-100,-200,10,120,150,11,50,100,50,50,50,60,75,30,80,120,75,150,100,90,40,60,10,0,10,10,50,90,0,90,2,25,-1,3,1,100,100,100,100,50,100,100,100,150,8,200,30,100,100,100,50,50,150,30,150,25,10,5,8,1,6,10,1,3,8,35,0,0,-1,-2,30,0,0,1,20,-1,THEOCRACY,CHRISTIANITY,FARM: 20,"CREATIVE, ORGANIZED",RESERVE: 25
